step,agent,observation,action,reward,termination,truncation,self_vel_0,self_vel_1,self_pos_0,self_pos_1,distances_to_agents_0,distances_to_agents_1,distances_to_agents_2,angles_to_agents_0,angles_to_agents_1,angles_to_agents_2,distances_to_landmarks_0,distances_to_landmarks_1,distances_to_landmarks_2,angles_to_landmarks_0,angles_to_landmarks_1,angles_to_landmarks_2,other_agent_velocities_0,other_agent_velocities_1
0,adversary_0,"[ 0.          0.          0.5479121  -0.12224312  0.16928375  0.51697916
 -1.3595574   1.0734879  -0.02563269  0.69437176 -1.2916849   0.023015
 -0.8063161   0.9757731   0.          0.        ]",[0.18150225 0.88543376 0.         0.         0.        ],0.0,False,,0.0,0.0,0.5479121,-0.12224312,1.2918899,1.2658114,0.0,3.1237767,2.2613907,0.0,0.54398936,1.7322738,0.6948447227478027,1.254352,2.473234,1.6076945066452026,,
0,adversary_1,"[ 0.          0.          0.71719587  0.39473605 -0.16928375 -0.51697916
 -1.5288411   0.55650866 -0.19491644  0.17739256 -1.4609686  -0.4939642
 -0.97559977  0.4587939   0.          0.        ]",[0.33257913 0.68566166 0.         0.         0.        ],0.0,False,,0.0,0.0,0.71719587,0.39473605,1.542216,1.078094,0.0,-2.8155518,2.7020118,0.0,0.54398936,1.6269779,0.2635536789894104,-1.8872406,2.7924945,2.4032278060913086,,
0,adversary_2,"[ 0.          0.         -0.8116453   0.9512447   1.3595574  -1.0734879
  1.5288411  -0.55650866  1.3339247  -0.3791161   0.06787257 -1.0504729
  0.5532414  -0.09771472  0.          0.        ]",[0.99237901 0.41303492 0.         0.         0.        ],0.0,False,,0.0,0.0,-0.8116453,0.9512447,1.0526632,0.5618044,0.0,-1.5062746,-0.17481926,0.0,1.7322738,1.6269779,1.386752963066101,-0.6683588,-0.34909818,-0.2769092619419098,,
0,adversary_3,"[ 0.          0.          0.5222794   0.5721286   0.02563269 -0.69437176
  0.19491644 -0.17739256 -1.3339247   0.3791161  -1.2660521  -0.67135674
 -0.78068334  0.28140137  0.          0.        ]",[0.7435969  0.55621879 0.         0.         0.        ],0.0,False,,0.0,0.0,0.5222794,0.5721286,1.4330415,0.8298513,0.0,-2.6540189,2.7956343,0.0,0.6948447,0.26355368,1.386752963066101,-1.5338981,-0.73836476,2.8646833896636963,,
0,adversary_4,"[ 0.          0.         -0.74377275 -0.09922812  1.2916849  -0.023015
  1.4609686   0.4939642  -0.06787257  1.0504729   1.2660521   0.67135674
  0.4853688   0.9527581   0.          0.        ]",[0.45293616 0.74553003 0.         0.         0.        ],0.0,False,,0.0,0.0,-0.74377275,-0.09922812,1.4330415,1.0692664,0.0,0.48757383,1.0996288,0.0,1.2918899,1.542216,1.0526632070541382,-0.017815929,0.32604098,1.6353181600570679,,
0,agent_0,"[ 0.          0.         -0.25840396  0.85353     0.8063161  -0.9757731
  0.97559977 -0.4587939  -0.5532414   0.09771472  0.78068334 -0.28140137
 -0.4853688  -0.9527581 ]",[0.         0.53435996 0.         0.         0.        ],0.0,False,,0.0,0.0,-0.25840396,0.85353,0.5618044,0.8298513,,2.9667735,-0.34595844,,1.2658114,1.078094,,-0.88020205,-0.43958086,,-0.4853687882423401,-0.9527580738067627
1,adversary_0,"[-0.26563013 -0.          0.5479121  -0.12224312  0.16928375  0.51697916
 -1.3595574   1.0734879  -0.02563269  0.69437176 -1.2916849   0.023015
 -0.8063161   0.9757731  -0.21374398 -0.        ]",[0.18150225 0.88543376 0.         0.         0.        ],0.0,False,,-0.26563013,-0.0,0.5479121,-0.12224312,1.2918899,1.2658114,0.21374398469924927,3.1237767,2.2613907,3.141592502593994,0.54398936,1.7322738,0.6948447227478027,1.254352,2.473234,1.6076945066452026,,
1,adversary_1,"[-0.20569849 -0.          0.71719587  0.39473605 -0.16928375 -0.51697916
 -1.5288411   0.55650866 -0.19491644  0.17739256 -1.4609686  -0.4939642
 -0.97559977  0.4587939  -0.21374398 -0.        ]",[0.33257913 0.68566166 0.         0.         0.        ],0.0,False,,-0.20569849,-0.0,0.71719587,0.39473605,1.542216,1.078094,0.21374398469924927,-2.8155518,2.7020118,3.141592502593994,0.54398936,1.6269779,0.2635536789894104,-1.8872406,2.7924945,2.4032278060913086,,
1,adversary_2,"[-0.12391048  0.         -0.8116453   0.9512447   1.3595574  -1.0734879
  1.5288411  -0.55650866  1.3339247  -0.3791161   0.06787257 -1.0504729
  0.5532414  -0.09771472 -0.21374398 -0.        ]",[0.99237901 0.41303492 0.         0.         0.        ],0.0,False,,-0.12391048,0.0,-0.8116453,0.9512447,1.0526632,0.5618044,0.21374398469924927,-1.5062746,-0.17481926,3.141592502593994,1.7322738,1.6269779,1.386752963066101,-0.6683588,-0.34909818,-0.2769092619419098,,
1,adversary_3,"[-0.16686563  0.          0.5222794   0.5721286   0.02563269 -0.69437176
  0.19491644 -0.17739256 -1.3339247   0.3791161  -1.2660521  -0.67135674
 -0.78068334  0.28140137 -0.21374398 -0.        ]",[0.7435969  0.55621879 0.         0.         0.        ],0.0,False,,-0.16686563,0.0,0.5222794,0.5721286,1.4330415,0.8298513,0.21374398469924927,-2.6540189,2.7956343,3.141592502593994,0.6948447,0.26355368,1.386752963066101,-1.5338981,-0.73836476,2.8646833896636963,,
1,adversary_4,"[-0.22365901  0.         -0.74377275 -0.09922812  1.2916849  -0.023015
  1.4609686   0.4939642  -0.06787257  1.0504729   1.2660521   0.67135674
  0.4853688   0.9527581  -0.21374398 -0.        ]",[0.45293616 0.74553003 0.         0.         0.        ],0.0,False,,-0.22365901,0.0,-0.74377275,-0.09922812,1.4330415,1.0692664,0.21374398469924927,0.48757383,1.0996288,3.141592502593994,1.2918899,1.542216,1.0526632070541382,-0.017815929,0.32604098,1.6353181600570679,,
1,agent_0,"[-0.21374398 -0.         -0.25840396  0.85353     0.8063161  -0.9757731
  0.97559977 -0.4587939  -0.5532414   0.09771472  0.78068334 -0.28140137
 -0.4853688  -0.9527581 ]",[0.         0.53435996 0.         0.         0.        ],0.0,False,,-0.21374398,-0.0,-0.25840396,0.85353,0.5618044,0.8298513,,2.9667735,-0.34595844,,1.2658114,1.078094,,-0.88020205,-0.43958086,,-0.4853687882423401,-0.9527580738067627
2,adversary_0,"[-0.46485272 -0.          0.5213491  -0.12224312  0.1752769   0.51697916
 -1.3453854   1.0734879  -0.01575624  0.69437176 -1.2874877   0.023015
 -0.80112743  0.9757731  -0.37405196 -0.        ]",[0.18272495 0.88644087 0.         0.         0.        ],0.0,False,,-0.46485272,-0.0,0.5213491,-0.12224312,1.2876934,1.2625127,0.374051958322525,3.1237187,2.2582226,3.141592502593994,0.5458841,1.7211735,0.6945505142211914,1.2439182,2.4681313,1.593483805656433,,
2,adversary_1,"[-0.35997236 -0.          0.696626    0.39473605 -0.1752769  -0.51697916
 -1.5206623   0.55650866 -0.19103315  0.17739256 -1.4627646  -0.4939642
 -0.97640437  0.4587939  -0.37405196 -0.        ]",[0.33254153 0.68562775 0.         0.         0.        ],0.0,False,,-0.35997236,-0.0,0.696626,0.39473605,1.5439174,1.0788223,0.374051958322525,-2.8159242,2.7023292,3.141592502593994,0.5458841,1.6192949,0.26069480180740356,-1.8976746,2.7907667,2.3932015895843506,,
2,adversary_2,"[-0.21684334  0.         -0.82403636  0.9512447   1.3453854  -1.0734879
  1.5206623  -0.55650866  1.3296292  -0.3791161   0.05789772 -1.0504729
  0.544258   -0.09771472 -0.37405196 -0.        ]",[0.99213129 0.41164397 0.         0.         0.        ],0.0,False,,-0.21684334,0.0,-0.82403636,0.9512447,1.0520672,0.55296016,0.374051958322525,-1.5157362,-0.17764492,3.141592502593994,1.7211735,1.6192949,1.3826217651367188,-0.6734613,-0.35082585,-0.2777585983276367,,
2,adversary_3,"[-0.29201487  0.          0.5055928   0.5721286   0.01575624 -0.69437176
  0.19103315 -0.17739256 -1.3296292   0.3791161  -1.2717315  -0.67135674
 -0.7853712   0.28140137 -0.37405196 -0.        ]",[0.74354928 0.55642473 0.         0.         0.        ],0.0,False,,-0.29201487,0.0,0.5055928,0.5721286,1.4380615,0.8342629,0.374051958322525,-2.655869,2.7975397,3.141592502593994,0.6945505,0.2606948,1.3826217651367188,-1.5481088,-0.7483911,2.8638339042663574,,
2,adversary_4,"[-0.39140326  0.         -0.7661386  -0.09922812  1.2874877  -0.023015
  1.4627646   0.4939642  -0.05789772  1.0504729   1.2717315   0.67135674
  0.48636028  0.9527581  -0.37405196 -0.        ]",[0.45302363 0.74554678 0.         0.         0.        ],0.0,False,,-0.39140326,0.0,-0.7661386,-0.09922812,1.4380615,1.0697169,0.374051958322525,0.48572364,1.0988029,3.141592502593994,1.2876934,1.5439174,1.0520671606063843,-0.017873995,0.3256684,1.6258565187454224,,
2,agent_0,"[-0.37405196 -0.         -0.27977836  0.85353     0.80112743 -0.9757731
  0.97640437 -0.4587939  -0.544258    0.09771472  0.7853712  -0.28140137
 -0.48636028 -0.9527581 ]",[0.         0.53371508 0.         0.         0.        ],0.0,False,,-0.37405196,-0.0,-0.27977836,0.85353,0.55296016,0.8342629,,2.9639478,-0.344053,,1.2625127,1.0788223,,-0.88337016,-0.43926346,,-0.4863602817058563,-0.9527580738067627
3,adversary_0,"[-0.6145718  -0.          0.4748638  -0.12224312  0.18576494  0.51697916
 -1.3205845   1.0734879   0.00152754  0.69437176 -1.2801428   0.023015
 -0.7920474   0.9757731  -0.49402502 -0.        ]",[0.18488786 0.88820657 0.         0.         0.        ],0.0,False,,-0.6145718,-0.0,0.4748638,-0.12224312,1.2803496,1.2567705,0.49402502179145813,3.1236162,2.2526383,3.141592502593994,0.5493415,1.7018578,0.6943734288215637,1.225836,2.459042,1.5685964822769165,,
3,adversary_1,"[-0.4756676  -0.          0.66062874  0.39473605 -0.18576494 -0.51697916
 -1.5063494   0.55650866 -0.1842374   0.17739256 -1.4659077  -0.4939642
 -0.9778123   0.4587939  -0.49402502 -0.        ]",[0.3324758  0.68556843 0.         0.         0.        ],0.0,False,,-0.4756676,-0.0,0.66062874,0.39473605,1.5468956,1.0800966,0.49402502179145813,-2.8165743,2.7028835,3.141592502593994,0.5493415,1.6058613,0.25575679540634155,-1.9157566,2.7877038,2.375120162963867,,
3,adversary_2,"[-0.2861257   0.         -0.8457207   0.9512447   1.3205845  -1.0734879
  1.5063494  -0.55650866  1.3221121  -0.3791161   0.04044172 -1.0504729
  0.52853715 -0.09771472 -0.49402502 -0.        ]",[0.99166805 0.40910155 0.         0.         0.        ],0.0,False,,-0.2861257,0.0,-0.8457207,0.9512447,1.051251,0.5374939,0.49402502179145813,-1.5323168,-0.1828135,3.141592502593994,1.7018578,1.6058613,1.3753942251205444,-0.6825505,-0.35388896,-0.27925723791122437,,
3,adversary_3,"[-0.38593856  0.          0.47639135  0.5721286  -0.00152754 -0.69437176
  0.1842374  -0.17739256 -1.3221121   0.3791161  -1.2816703  -0.67135674
 -0.7935749   0.28140137 -0.49402502 -0.        ]",[0.74346467 0.55678869 0.         0.         0.        ],0.0,False,,-0.38593856,0.0,0.47639135,0.5721286,1.4468583,0.8419904,0.49402502179145813,-2.659076,2.800826,3.141592502593994,0.6943734,0.2557568,1.3753942251205444,-1.5729963,-0.76647264,2.862335443496704,,
3,adversary_4,"[-0.5172165   0.         -0.80527896 -0.09922812  1.2801428  -0.023015
  1.4659077   0.4939642  -0.04044172  1.0504729   1.2816703   0.67135674
  0.4880954   0.9527581  -0.49402502 -0.        ]",[0.45317674 0.74557602 0.         0.         0.        ],0.0,False,,-0.5172165,0.0,-0.80527896,-0.09922812,1.4468583,1.0705069,0.49402502179145813,0.48251674,1.0973593,3.141592502593994,1.2803496,1.5468956,1.0512510538101196,-0.017976526,0.32501832,1.6092759370803833,,
3,agent_0,"[-0.49402502 -0.         -0.31718355  0.85353     0.7920474  -0.9757731
  0.9778123  -0.4587939  -0.52853715  0.09771472  0.7935749  -0.28140137
 -0.4880954  -0.9527581 ]",[0.         0.53261285 0.         0.         0.        ],0.0,False,,-0.49402502,-0.0,-0.31718355,0.85353,0.5374939,0.8419904,,2.958779,-0.34076655,,1.2567705,1.0800966,,-0.8889542,-0.4387091,,-0.48809540271759033,-0.9527580738067627
4,adversary_0,"[-0.7273908  -0.          0.41340664 -0.12224312  0.19965537  0.51697916
 -1.2877399   1.0734879   0.02439087  0.69437176 -1.2704072   0.023015
 -0.7799927   0.9757731  -0.5835639  -0.        ]",[0.18780524 0.89055657 0.         0.         0.        ],0.0,False,,-0.7273908,-0.0,0.41340664,-0.12224312,1.2706156,1.2492085,0.5835639238357544,3.1234784,2.245146,3.141592502593994,0.55419284,1.6764994,0.6948000192642212,1.2022461,2.4466841,1.5356842279434204,,
4,adversary_1,"[-0.5624212  -0.          0.61306196  0.39473605 -0.19965537 -0.51697916
 -1.4873953   0.55650866 -0.1752645   0.17739256 -1.4700626  -0.4939642
 -0.97964805  0.4587939  -0.5835639  -0.        ]",[0.33239018 0.6854911  0.         0.         0.        ],0.0,False,,-0.5624212,-0.0,0.61306196,0.39473605,1.5508336,1.0817589,0.5835639238357544,-2.8174298,2.7036045,3.141592502593994,0.55419284,1.5880953,0.249370738863945,-1.9393464,2.7835677,2.3501601219177246,,
4,adversary_2,"[-0.33732474  0.         -0.87433326  0.9512447   1.2877399  -1.0734879
  1.4873953  -0.55650866  1.3121308  -0.3791161   0.01733265 -1.0504729
  0.50774723 -0.09771472 -0.5835639  -0.        ]",[0.99099049 0.40551006 0.         0.         0.        ],0.0,False,,-0.33732474,0.0,-0.87433326,0.9512447,1.0506158,0.5170642,0.5835639238357544,-1.5542979,-0.19012317,3.141592502593994,1.6764994,1.5880953,1.3658024072647095,-0.69490844,-0.35802507,-0.2812716066837311,,
4,adversary_3,"[-0.45649055  0.          0.4377975   0.5721286  -0.02439087 -0.69437176
  0.1752645  -0.17739256 -1.3121308   0.3791161  -1.2947981  -0.67135674
 -0.8043835   0.28140137 -0.5835639  -0.        ]",[0.74335067 0.55727524 0.         0.         0.        ],0.0,False,,-0.45649055,0.0,0.4377975,0.5721286,1.4584999,0.8521852,0.5835639238357544,-2.6632524,2.805065,3.141592502593994,0.6948,0.24937074,1.3658024072647095,-1.6059084,-0.7914325,2.860321044921875,,
4,adversary_4,"[-0.61158514  0.         -0.8570006  -0.09922812  1.2704072  -0.023015
  1.4700626   0.4939642  -0.01733265  1.0504729   1.2947981   0.67135674
  0.49041456  0.9527581  -0.5835639  -0.        ]",[0.45338148 0.74561497 0.         0.         0.        ],0.0,False,,-0.61158514,0.0,-0.8570006,-0.09922812,1.4584999,1.0715663,0.5835639238357544,0.4783402,1.0954331,3.141592502593994,1.2706156,1.5508336,1.0506157875061035,-0.018114258,0.32416278,1.5872946977615356,,
4,agent_0,"[-0.5835639  -0.         -0.36658606  0.85353     0.7799927  -0.9757731
  0.97964805 -0.4587939  -0.50774723  0.09771472  0.8043835  -0.28140137
 -0.49041456 -0.9527581 ]",[0.         0.53119805 0.         0.         0.        ],0.0,False,,-0.5835639,-0.0,-0.36658606,0.85353,0.5170642,0.8521852,,2.9514694,-0.33652762,,1.2492085,1.0817589,,-0.8964465,-0.43798825,,-0.490414559841156,-0.9527580738067627
5,adversary_0,"[-0.8127101  -0.          0.34066755 -0.12224312  0.21615233  0.51697916
 -1.2487333   1.0734879   0.0514809   0.69437176 -1.2588267   0.023015
 -0.76561     0.9757731  -0.65015215 -0.        ]",[0.19135568 0.89336836 0.         0.         0.        ],0.0,False,,-0.8127101,-0.0,0.34066755,-0.12224312,1.2590371,1.2402788,0.6501521468162537,3.1233118,2.236088,3.141592502593994,0.56034744,1.6467273,0.6962775588035583,1.174779,2.4315164,1.4967914819717407,,
5,adversary_1,"[-0.6274633  -0.          0.55681986  0.39473605 -0.21615233 -0.51697916
 -1.4648856   0.55650866 -0.16467142  0.17739256 -1.474979   -0.4939642
 -0.9817623   0.4587939  -0.65015215 -0.        ]",[0.33229171 0.68540207 0.         0.         0.        ],0.0,False,,-0.6274633,-0.0,0.55681986,0.39473605,1.5554947,1.0836738,0.6501521468162537,-2.8184366,2.7044318,3.141592502593994,0.56034744,1.5670328,0.24204295873641968,-1.9668136,2.778534,2.3190224170684814,,
5,adversary_2,"[-0.37464657  0.         -0.90806574  0.9512447   1.2487333  -1.0734879
  1.4648856  -0.55650866  1.3002142  -0.3791161  -0.0100934  -1.0504729
  0.4831233  -0.09771472 -0.65015215 -0.        ]",[0.99007654 0.40087894 0.         0.         0.        ],0.0,False,,-0.37464657,0.0,-0.90806574,0.9512447,1.0505214,0.49290597,0.6501521468162537,-1.5804044,-0.19956411,3.141592502593994,1.6467273,1.5670328,1.3543580770492554,-0.71007633,-0.3630588,-0.2837139666080475,,
5,adversary_3,"[-0.50955045  0.          0.39214844  0.5721286  -0.0514809  -0.69437176
  0.16467142 -0.17739256 -1.3002142   0.3791161  -1.3103076  -0.67135674
 -0.81709087  0.28140137 -0.65015215 -0.        ]",[0.74321284 0.55785773 0.         0.         0.        ],0.0,False,,-0.50955045,0.0,0.39214844,0.5721286,1.472286,0.8641899,0.6501521468162537,-2.6681015,2.8099205,3.141592502593994,0.69627756,0.24204296,1.3543580770492554,-1.6448011,-0.8225703,2.8578786849975586,,
5,adversary_4,"[-0.68237334  0.         -0.9181591  -0.09922812  1.2588267  -0.023015
  1.474979    0.4939642   0.0100934   1.0504729   1.3103076   0.67135674
  0.4932167   0.9527581  -0.65015215 -0.        ]",[0.45362899 0.74566182 0.         0.         0.        ],0.0,False,,-0.68237334,0.0,-0.9181591,-0.09922812,1.472286,1.0728517,0.6501521468162537,0.4734912,1.0931108,3.141592502593994,1.2590371,1.5554947,1.0505213737487793,-0.01828086,0.32315606,1.5611882209777832,,
5,agent_0,"[-0.65015215 -0.         -0.42494243  0.85353     0.76561    -0.9757731
  0.9817623  -0.4587939  -0.4831233   0.09771472  0.81709087 -0.28140137
 -0.4932167  -0.9527581 ]",[0.         0.52956758 0.         0.         0.        ],0.0,False,,-0.65015215,-0.0,-0.42494243,0.85353,0.49290597,0.8641899,,2.9420285,-0.33167207,,1.2402788,1.0836738,,-0.90550476,-0.43716082,,-0.49321669340133667,-0.9527580738067627
6,adversary_0,"[-0.8775431  -0.          0.25939655 -0.12224312  0.234677    0.51697916
 -1.204927    1.0734879   0.08179685  0.69437176 -1.245793    0.023015
 -0.7493542   0.9757731  -0.69944113 -0.        ]",[0.19546145 0.89655551 0.         0.         0.        ],0.0,False,,-0.8775431,-0.0,0.25939655,-0.12224312,1.2460055,1.2303108,0.699441134929657,3.1231205,2.2256927,3.141592502593994,0.5677506,1.6137612,0.6991729736328125,1.1446716,2.4138196,1.453536868095398,,
6,adversary_1,"[-6.7621803e-01 -7.7912195e-43  4.9407354e-01  3.9473605e-01
 -2.3467700e-01 -5.1697916e-01 -1.4396039e+00  5.5650866e-01
 -1.5288015e-01  1.7739256e-01 -1.4804701e+00 -4.9396420e-01
 -9.8403120e-01  4.5879391e-01 -6.9944113e-01 -0.0000000e+00]",[0.33218619 0.68530657 0.         0.         0.        ],0.0,False,,-0.67621803,-7.79e-43,0.49407354,0.39473605,1.5607024,1.0857298,0.699441134929657,-2.8195539,2.7053165,3.141592502593994,0.5677506,1.5434252,0.23418040573596954,-1.9969211,2.7727165,2.282111644744873,,
6,adversary_2,"[-0.4012486   0.         -0.9455304   0.9512447   1.204927   -1.0734879
  1.4396039  -0.55650866  1.2867237  -0.3791161  -0.04086608 -1.0504729
  0.45557272 -0.09771472 -0.69944113 -0.        ]",[0.98888096 0.39514108 0.         0.         0.        ],0.0,False,,-0.4012486,0.0,-0.9455304,0.9512447,1.0512674,0.4659342,0.699441134929657,-1.6096792,-0.2112864,3.141592502593994,1.6137612,1.5434252,1.3414123058319092,-0.7277732,-0.36887604,-0.2865291237831116,,
6,adversary_3,"[-5.4952019e-01  7.7912195e-43  3.4119341e-01  5.7212859e-01
 -8.1796855e-02 -6.9437176e-01  1.5288015e-01 -1.7739256e-01
 -1.2867237e+00  3.7911609e-01 -1.3275899e+00 -6.7135674e-01
 -8.3115107e-01  2.8140137e-01 -6.9944113e-01 -0.0000000e+00]",[0.74305535 0.55851579 0.         0.         0.        ],0.0,False,,-0.5495202,7.79e-43,0.3411934,0.5721286,1.4876877,0.87749577,0.699441134929657,-2.6733987,2.815138,3.141592502593994,0.699173,0.2341804,1.3414123058319092,-1.6880558,-0.859481,2.8550634384155273,,
6,adversary_4,"[-0.7354786   0.         -0.9863965  -0.09922812  1.245793   -0.023015
  1.4804701   0.4939642   0.04086608  1.0504729   1.3275899   0.67135674
  0.4964388   0.9527581  -0.69944113 -0.        ]",[0.45391376 0.7457154  0.         0.         0.        ],0.0,False,,-0.7354786,0.0,-0.9863965,-0.09922812,1.4876877,1.0743368,0.699441134929657,0.46819395,1.0904474,3.141592502593994,1.2460055,1.5607024,1.051267385482788,-0.018472075,0.32203877,1.53191339969635,,
6,agent_0,"[-0.69944113 -0.         -0.48995766  0.85353     0.7493542  -0.9757731
  0.9840312  -0.4587939  -0.45557272  0.09771472  0.83115107 -0.28140137
 -0.4964388  -0.9527581 ]",[0.         0.52776601 0.         0.         0.        ],0.0,False,,-0.69944113,-0.0,-0.48995766,0.85353,0.4659342,0.87749577,,2.9303062,-0.32645452,,1.2303108,1.0857298,,-0.9158999,-0.43627608,,-0.49643880128860474,-0.9527580738067627
7,adversary_0,"[-0.92712396 -0.          0.17164223 -0.12224312  0.2548095   0.51697916
 -1.1572975   1.0734879   0.11459915  0.69437176 -1.2315866   0.023015
 -0.731544    0.9757731  -0.73568726 -0.        ]",[0.200075   0.90005624 0.         0.         0.        ],0.0,False,,-0.92712396,-0.0,0.17164223,-0.12224312,1.2318016,1.2195449,0.735687255859375,3.1229076,2.21411,3.141592502593994,0.57636386,1.5785162,0.7037649154663086,1.1128596,2.3937464,1.4072307348251343,,
7,adversary_1,"[-7.1275550e-01 -2.0913441e-39  4.2645174e-01  3.9473605e-01
 -2.5480950e-01 -5.1697916e-01 -1.4121070e+00  5.5650866e-01
 -1.4021036e-01  1.7739256e-01 -1.4863961e+00 -4.9396420e-01
 -9.8635352e-01  4.5879391e-01 -7.3568726e-01 -0.0000000e+00]",[0.33207835 0.68520886 0.         0.         0.        ],0.0,False,,-0.7127555,-2.091344e-39,0.42645174,0.39473605,1.566325,1.0878351,0.735687255859375,-2.8207514,2.7062187,3.141592502593994,0.57636386,1.5178103,0.2261129468679428,-2.028733,2.7661846,2.2396535873413086,,
7,adversary_2,"[-0.41947877  0.         -0.98565525  0.9512447   1.1572975  -1.0734879
  1.412107   -0.55650866  1.2718966  -0.3791161  -0.07428908 -1.0504729
  0.42575347 -0.09771472 -0.73568726 -0.        ]",[0.98732969 0.38815292 0.         0.         0.        ],0.0,False,,-0.41947877,0.0,-0.98565525,0.9512447,1.0530964,0.43682283,0.735687255859375,-1.6413984,-0.22560304,3.141592502593994,1.5785162,1.5178103,1.3271962404251099,-0.7478463,-0.37540817,-0.28968653082847595,,
7,adversary_3,"[-5.79694867e-01  2.09134407e-39  2.86241382e-01  5.72128594e-01
 -1.14599146e-01 -6.94371760e-01  1.40210360e-01 -1.77392557e-01
 -1.27189660e+00  3.79116088e-01 -1.34618568e+00 -6.71356738e-01
 -8.46143126e-01  2.81401366e-01 -7.35687256e-01 -0.00000000e+00]",[0.7428814  0.55923366 0.         0.         0.        ],0.0,False,,-0.57969487,2.091344e-39,0.28624138,0.5721286,1.5043057,0.89170897,0.735687255859375,-2.6789773,2.8205297,3.141592502593994,0.7037649,0.22611295,1.3271962404251099,-1.7343619,-0.901939,2.8519060611724854,,
7,adversary_4,"[-0.77532357  0.         -1.0599443  -0.09922812  1.2315866  -0.023015
  1.4863961   0.4939642   0.07428908  1.0504729   1.3461857   0.67135674
  0.50004256  0.9527581  -0.73568726 -0.        ]",[0.45423248 0.74577497 0.         0.         0.        ],0.0,False,,-0.77532357,0.0,-1.0599443,-0.09922812,1.5043057,1.0760067,0.735687255859375,0.46261537,1.0874772,3.141592502593994,1.2318016,1.566325,1.0530964136123657,-0.018685102,0.32084134,1.5001941919326782,,
7,agent_0,"[-0.73568726 -0.         -0.5599018   0.85353     0.731544   -0.9757731
  0.9863535  -0.4587939  -0.42575347  0.09771472  0.8461431  -0.28140137
 -0.50004256 -0.9527581 ]",[0.         0.52578459 0.         0.         0.        ],0.0,False,,-0.73568726,-0.0,-0.5599018,0.85353,0.43682283,0.89170897,,2.9159896,-0.32106286,,1.2195449,1.0878351,,-0.92748266,-0.435374,,-0.5000425577163696,-0.9527580738067627
8,adversary_0,"[-0.96535987 -0.          0.07892983 -0.12224312  0.27624634  0.51697916
 -1.1065329   1.0734879   0.14934206  0.69437176 -1.2164065   0.023015
 -0.7124003   0.9757731  -0.7620793  -0.        ]",[0.20517105 0.90382656 0.         0.         0.        ],0.0,False,,-0.96535987,-0.0,0.078929834,-0.12224312,1.2166241,1.2081587,0.7620792984962463,3.1226745,2.2014315,3.141592502593994,0.58615655,1.5416846,0.7102500796318054,1.08005,2.3713515,1.3589483499526978,,
8,adversary_1,"[-7.4012929e-01 -6.9068207e-36  3.5517618e-01  3.9473605e-01
 -2.7624634e-01 -5.1697916e-01 -1.3827794e+00  5.5650866e-01
 -1.2690429e-01  1.7739256e-01 -1.4926529e+00 -4.9396420e-01
 -9.8864669e-01  4.5879391e-01 -7.6207930e-01 -0.0000000e+00]",[0.33197204 0.68511241 0.         0.         0.        ],0.0,False,,-0.7401293,-6.906821e-36,0.35517618,0.39473605,1.5722637,1.0899147,0.7620792984962463,-2.8220062,2.707106,3.141592502593994,0.58615655,1.4905639,0.21811194717884064,-2.0615425,2.7589703,2.191774606704712,,
8,adversary_2,"[-0.43105495  0.         -1.0276031   0.9512447   1.1065329  -1.0734879
  1.3827794  -0.55650866  1.255875   -0.3791161  -0.10987355 -1.0504729
  0.39413264 -0.09771472 -0.7620793  -0.        ]",[0.98530746 0.37968092 0.         0.         0.        ],0.0,False,,-0.43105495,0.0,-1.0276031,0.9512447,1.0562032,0.4060649,0.7620792984962463,-1.6750118,-0.24302332,3.141592502593994,1.5416846,1.4905639,1.3118501901626587,-0.7702412,-0.38262233,-0.29317519068717957,,
8,adversary_3,"[-6.0254127e-01  6.9068207e-36  2.2827189e-01  5.7212859e-01
 -1.4934206e-01 -6.9437176e-01  1.2690429e-01 -1.7739256e-01
 -1.2558750e+00  3.7911609e-01 -1.3657485e+00 -6.7135674e-01
 -8.6174238e-01  2.8140137e-01 -7.6207930e-01 -0.0000000e+00]",[0.74269348 0.55999897 0.         0.         0.        ],0.0,False,,-0.60254127,6.906821e-36,0.22827189,0.5721286,1.5218374,0.9065245,0.7620792984962463,-2.6847143,2.8259602,3.141592502593994,0.7102501,0.21811195,1.3118501901626587,-1.7826443,-0.9498181,2.8484175205230713,,
8,adversary_4,"[-0.80522513  0.         -1.1374767  -0.09922812  1.2164065  -0.023015
  1.4926529   0.4939642   0.10987355  1.0504729   1.3657485   0.67135674
  0.5040062   0.9527581  -0.7620793  -0.        ]",[0.45458331 0.74584004 0.         0.         0.        ],0.0,False,,-0.80522513,0.0,-1.1374767,-0.09922812,1.5218374,1.0778544,0.7620792984962463,0.4568784,1.0842211,3.141592502593994,1.2166241,1.5722637,1.0562032461166382,-0.018918227,0.31958634,1.466580867767334,,
8,agent_0,"[-0.7620793  -0.         -0.6334705   0.85353     0.7124003  -0.9757731
  0.9886467  -0.4587939  -0.39413264  0.09771472  0.8617424  -0.28140137
 -0.5040062  -0.9527581 ]",[0.        0.5235655 0.        0.        0.       ],0.0,False,,-0.7620793,-0.0,-0.6334705,0.85353,0.4060649,0.9065245,,2.8985693,-0.31563252,,1.2081587,1.0899147,,-0.9401611,-0.43448663,,-0.5040062069892883,-0.9527580738067627
9,adversary_0,"[-0.99516785 -0.         -0.01760615 -0.12224312  0.2987694   0.51697916
 -1.0531025   1.0734879   0.18562391  0.69437176 -1.2003931   0.023015
 -0.6920723   0.9757731  -0.78098565 -0.        ]",[0.21074098 0.9078348  0.         0.         0.        ],0.0,False,,-0.99516785,-0.0,-0.017606148,-0.12224312,1.2006137,1.1962848,0.7809856534004211,3.1224222,2.187707,3.141592502593994,0.59710187,1.5037956,0.7187547087669373,1.046775,2.3466089,1.3095780611038208,,
9,adversary_1,"[-7.60630667e-01 -2.13659734e-32  2.81163245e-01  3.94736052e-01
 -2.98769414e-01 -5.16979158e-01 -1.35187185e+00  5.56508660e-01
 -1.13145486e-01  1.77392557e-01 -1.49916244e+00 -4.93964195e-01
 -9.90841687e-01  4.58793908e-01 -7.80985653e-01 -0.00000000e+00]",[0.33187043 0.68502013 0.         0.         0.        ],0.0,False,,-0.76063067,-2.1365973e-32,0.28116325,0.39473605,1.5784451,1.0919062,0.7809856534004211,-2.823302,2.7079523,3.141592502593994,0.59710187,1.4619368,0.2104044258594513,-2.0948176,2.751077,2.1385653018951416,,
9,adversary_2,"[-0.4371955   0.         -1.0707086   0.9512447   1.0531025  -1.0734879
  1.3518718  -0.55650866  1.2387264  -0.3791161  -0.14729057 -1.0504729
  0.3610302  -0.09771472 -0.78098565 -0.        ]",[0.98263487 0.36937234 0.         0.         0.        ],0.0,False,,-0.4371955,0.0,-1.0707086,0.9512447,1.0607487,0.37402,0.7809856534004211,-1.7101017,-0.26432246,3.141592502593994,1.5037956,1.4619368,1.295442819595337,-0.7949838,-0.39051569,-0.29700079560279846,,
9,adversary_3,"[-6.19905651e-01  2.13659734e-32  1.68017775e-01  5.72128594e-01
 -1.85623914e-01 -6.94371760e-01  1.13145486e-01 -1.77392557e-01
 -1.23872638e+00  3.79116088e-01 -1.38601696e+00 -6.71356738e-01
 -8.77696216e-01  2.81401366e-01 -7.80985653e-01 -0.00000000e+00]",[0.7424936  0.56080175 0.         0.         0.        ],0.0,False,,-0.61990565,2.1365973e-32,0.16801777,0.5721286,1.5400529,0.9217035,0.7809856534004211,-2.6905203,2.8313332,3.141592502593994,0.7187547,0.21040443,1.295442819595337,-1.8320146,-1.0030272,2.8445918560028076,,
9,adversary_4,"[-0.8276709   0.         -1.2179992  -0.09922812  1.2003931  -0.023015
  1.4991624   0.4939642   0.14729057  1.0504729   1.386017    0.67135674
  0.50832075  0.9527581  -0.78098565 -0.        ]",[0.45496551 0.74591034 0.         0.         0.        ],0.0,False,,-0.8276709,0.0,-1.2179992,-0.09922812,1.5400529,1.0798787,0.7809856534004211,0.45107245,1.0806894,3.141592502593994,1.2006137,1.5784451,1.0607486963272095,-0.019170538,0.31829068,1.4314908981323242,,
9,agent_0,"[-0.78098565 -0.         -0.7096784   0.85353     0.6920723  -0.9757731
  0.9908417  -0.4587939  -0.3610302   0.09771472  0.8776962  -0.28140137
 -0.50832075 -0.9527581 ]",[0.         0.52101452 0.         0.         0.        ],0.0,False,,-0.78098565,-0.0,-0.7096784,0.85353,0.37402,0.9217035,,2.8772702,-0.31025943,,1.1962848,1.0919062,,-0.9538857,-0.43364042,,-0.5083207488059998,-0.9527580738067627
10,adversary_0,"[-1.         -0.         -0.11712293 -0.12224312  0.32222313  0.51697916
 -0.9973052   1.0734879   0.22315013  0.69437176 -1.1836433   0.023015
 -0.67065406  0.9757731  -0.79414505 -0.        ]",[0.21679005 0.91205841 0.         0.         0.        ],0.0,False,,-1.0,-0.0,-0.11712293,-0.12224312,1.1838671,1.1840228,0.7941450476646423,3.122151,2.1729515,3.141592502593994,0.6091758,1.4652624,0.7293477058410645,1.0134343,2.319422,1.259851336479187,,
10,adversary_1,"[-7.7597904e-01 -4.9285173e-29  2.0510019e-01  3.9473605e-01
 -3.2222313e-01 -5.1697916e-01 -1.3195283e+00  5.5650866e-01
 -9.9072978e-02  1.7739256e-01 -1.5058664e+00 -4.9396420e-01
 -9.9287719e-01  4.5879391e-01 -7.9414505e-01 -0.0000000e+00]",[0.33177634 0.68493459 0.         0.         0.        ],0.0,False,,-0.77597904,-4.9285173e-29,0.2051002,0.39473605,1.5848137,1.0937536,0.7941450476646423,-2.8246257,2.7087343,3.141592502593994,0.6091758,1.4320813,0.2031835913658142,-2.1281583,2.7424796,2.080138683319092,,
10,adversary_2,"[-0.43870834  0.         -1.1144282   0.9512447   0.9973052  -1.0734879
  1.3195283  -0.55650866  1.2204554  -0.3791161  -0.18633811 -1.0504729
  0.3266512  -0.09771472 -0.79414505 -0.        ]",[0.97902626 0.35670365 0.         0.         0.        ],0.0,False,,-0.43870834,0.0,-1.1144282,0.9512447,1.0668716,0.34095332,0.7941450476646423,-1.7463552,-0.2906684,3.141592502593994,1.4652624,1.4320813,1.2779829502105713,-0.8221707,-0.3991131,-0.3011848032474518,,
10,adversary_3,"[-6.3316977e-01  4.9285173e-29  1.0602721e-01  5.7212859e-01
 -2.2315013e-01 -6.9437176e-01  9.9072978e-02 -1.7739256e-01
 -1.2204554e+00  3.7911609e-01 -1.4067935e+00 -6.7135674e-01
 -8.9380419e-01  2.8140137e-01 -7.9414505e-01 -0.0000000e+00]",[0.74228349 0.56163368 0.         0.         0.        ],0.0,False,,-0.6331698,4.9285173e-29,0.10602721,0.5721286,1.5587777,0.93705535,0.7941450476646423,-2.6963305,2.8365815,3.141592502593994,0.7293477,0.20318359,1.2779829502105713,-1.8817414,-1.0614539,2.8404078483581543,,
10,adversary_4,"[-0.84452623  0.         -1.3007662  -0.09922812  1.1836433  -0.023015
  1.5058664   0.4939642   0.18633811  1.0504729   1.4067935   0.67135674
  0.5129893   0.9527581  -0.79414505 -0.        ]",[0.45537942 0.74598578 0.         0.         0.        ],0.0,False,,-0.84452623,0.0,-1.3007662,-0.09922812,1.5587777,1.0820841,0.7941450476646423,0.445262,1.0768828,3.141592502593994,1.1838671,1.5848137,1.0668716430664062,-0.019441752,0.3169669,1.3952375650405884,,
10,agent_0,"[-0.79414505 -0.         -0.787777    0.85353     0.67065406 -0.9757731
  0.9928772  -0.4587939  -0.3266512   0.09771472  0.8938042  -0.28140137
 -0.5129893  -0.9527581 ]",[0.         0.51801993 0.         0.         0.        ],0.0,False,,-0.79414505,-0.0,-0.787777,0.85353,0.34095332,0.93705535,,2.8509243,-0.3050112,,1.1840228,1.0937536,,-0.96864116,-0.43285847,,-0.5129892826080322,-0.9527580738067627
11,adversary_0,"[-1.         -0.         -0.21712293 -0.12224312  0.3446252   0.51697916
 -0.94117606  1.0734879   0.25983316  0.69437176 -1.168096    0.023015
 -0.6500686   0.9757731  -0.80281675 -0.        ]",[0.22278184 0.91611305 0.         0.         0.        ],0.0,False,,-1.0,-0.0,-0.21712293,-0.12224312,1.1683227,1.1724855,0.8028167486190796,3.1218922,2.1584818,3.141592502593994,0.6213163,1.4276514,0.7413942217826843,0.98283064,2.2906144,1.2127281427383423,,
11,adversary_1,"[-7.8746468e-01 -6.9812773e-26  1.2750228e-01  3.9473605e-01
 -3.4462520e-01 -5.1697916e-01 -1.2858013e+00  5.5650866e-01
 -8.4792048e-02  1.7739256e-01 -1.5127212e+00 -4.9396420e-01
 -9.9469376e-01  4.5879391e-01 -8.0281675e-01 -0.0000000e+00]",[0.33169248 0.68485827 0.         0.         0.        ],0.0,False,,-0.7874647,-6.981277e-26,0.12750228,0.39473605,1.5913284,1.095403,0.8028167486190796,-2.8259683,2.7094297,3.141592502593994,0.6213163,1.4010663,0.19661588966846466,-2.158762,2.7331247,2.0166823863983154,,
11,adversary_2,"[-0.43604234  0.         -1.158299    0.9512447   0.94117606 -1.0734879
  1.2858013  -0.55650866  1.2010093  -0.3791161  -0.2269199  -1.0504729
  0.2911075  -0.09771472 -0.80281675 -0.        ]",[0.97400898 0.34089157 0.         0.         0.        ],0.0,False,,-0.43604234,0.0,-1.158299,0.9512447,1.0747027,0.3070696,0.8028167486190796,-1.7835443,-0.32384792,3.141592502593994,1.4276514,1.4010663,1.259425401687622,-0.8509784,-0.4084678,-0.3057652711868286,,
11,adversary_3,"[-6.4336741e-01  6.9812773e-26  4.2710233e-02  5.7212859e-01
 -2.5983316e-01 -6.9437176e-01  8.4792048e-02 -1.7739256e-01
 -1.2010093e+00  3.7911609e-01 -1.4279292e+00 -6.7135674e-01
 -9.0990174e-01  2.8140137e-01 -8.0281675e-01 -0.0000000e+00]",[0.74206473 0.56248735 0.         0.         0.        ],0.0,False,,-0.6433674,6.981277e-26,0.042710233,0.5721286,1.5778788,0.95242214,0.8028167486190796,-2.7020998,2.8416572,3.141592502593994,0.7413942,0.19661589,1.259425401687622,-1.9288645,-1.1249104,2.835827350616455,,
11,adversary_4,"[-0.85719043  0.         -1.3852189  -0.09922812  1.168096   -0.023015
  1.5127212   0.4939642   0.2269199   1.0504729   1.4279292   0.67135674
  0.5180274   0.9527581  -0.80281675 -0.        ]",[0.45582654 0.74606647 0.         0.         0.        ],0.0,False,,-0.85719043,0.0,-1.3852189,-0.09922812,1.5778788,1.0844816,0.8028167486190796,0.43949282,1.0727924,3.141592502593994,1.1683227,1.5913284,1.0747027397155762,-0.019700456,0.31562427,1.358048439025879,,
11,agent_0,"[-0.80281675 -0.         -0.8671915   0.85353     0.6500686  -0.9757731
  0.99469376 -0.4587939  -0.2911075   0.09771472  0.90990174 -0.28140137
 -0.5180274  -0.9527581 ]",[0.         0.51478984 0.         0.         0.        ],-0.474731685651123,False,,-0.80281675,-0.0,-0.8671915,0.85353,0.3070696,0.95242214,,2.8177447,-0.29993555,,1.1724855,1.095403,,-0.9831108,-0.43216282,,-0.5180274248123169,-0.9527580738067627
12,adversary_0,"[-1.         -0.         -0.31712294 -0.12224312  0.36587876  0.51697916
 -0.8847803   1.0734879   0.29549643  0.69437176 -1.153815    0.023015
 -0.63035023  0.9757731  -0.8080285  -0.        ]",[0.22868764 0.91998762 0.         0.         0.        ],0.0,False,,-1.0,-0.0,-0.31712294,-0.12224312,1.1540445,1.1616689,0.808028519153595,3.1216486,2.144355,3.141592502593994,0.633352,1.3911191,0.7546325325965881,0.954905,2.2601266,1.1684519052505493,,
12,adversary_1,"[-7.9605597e-01 -5.1372951e-23  4.8755813e-02  3.9473605e-01
 -3.6587876e-01 -5.1697916e-01 -1.2506591e+00  5.5650866e-01
 -7.0382327e-02  1.7739256e-01 -1.5196937e+00 -4.9396420e-01
 -9.9622899e-01  4.5879391e-01 -8.0802852e-01 -0.0000000e+00]",[0.33162169 0.68479379 0.         0.         0.        ],0.0,False,,-0.796056,-5.137295e-23,0.048755813,0.39473605,1.597958,1.0967972,0.808028519153595,-2.8273227,2.710016,3.141592502593994,0.633352,1.3688865,0.19084493815898895,-2.1866877,2.7229276,1.9485068321228027,,
12,adversary_2,"[-0.42929924  0.         -1.2019032   0.9512447   0.8847803  -1.0734879
  1.2506591  -0.55650866  1.1802768  -0.3791161  -0.2690347  -1.0504729
  0.25443006 -0.09771472 -0.8080285  -0.        ]",[0.96676064 0.320739   0.         0.         0.        ],0.0,False,,-0.42929924,0.0,-1.2019032,0.9512447,1.0843767,0.27254874,0.808028519153595,-1.8215156,-0.36668417,3.141592502593994,1.3911191,1.3688865,1.2396701574325562,-0.8814661,-0.41866502,-0.31079965829849243,,
12,adversary_3,"[-6.5127176e-01  5.1372951e-23 -2.1626510e-02  5.7212859e-01
 -2.9549643e-01 -6.9437176e-01  7.0382327e-02 -1.7739256e-01
 -1.1802768e+00  3.7911609e-01 -1.4493115e+00 -6.7135674e-01
 -9.2584664e-01  2.8140137e-01 -8.0802852e-01 -0.0000000e+00]",[0.74183889 0.56335576 0.         0.         0.        ],0.0,False,,-0.65127176,5.137295e-23,-0.02162651,0.5721286,1.5972551,0.9676666,0.808028519153595,-2.7077956,2.8465257,3.141592502593994,0.75463253,0.19084494,1.2396701574325562,-1.9731407,-1.1930859,2.8307929039001465,,
12,adversary_4,"[-0.86671275  0.         -1.470938   -0.09922812  1.153815   -0.023015
  1.5196937   0.4939642   0.2690347   1.0504729   1.4493115   0.67135674
  0.5234648   0.9527581  -0.8080285  -0.        ]",[0.45630958 0.74615269 0.         0.         0.        ],0.0,False,,-0.86671275,0.0,-1.470938,-0.09922812,1.5972551,1.0870894,0.808028519153595,0.4337969,1.0683981,3.141592502593994,1.1540445,1.597958,1.0843766927719116,-0.019944226,0.3142698,1.3200770616531372,,
12,agent_0,"[-0.8080285  -0.         -0.94747317  0.85353     0.63035023 -0.9757731
  0.996229   -0.4587939  -0.25443006  0.09771472  0.92584664 -0.28140137
 -0.5234648  -0.9527581 ]",[0.        0.5112735 0.        0.        0.       ],-1.0581816790763698,False,,-0.8080285,-0.0,-0.94747317,0.85353,0.27254874,0.9676666,,2.7749085,-0.29506704,,1.1616689,1.0967972,,-0.9972376,-0.43157658,,-0.5234647989273071,-0.9527580738067627
13,adversary_0,"[-1.         -0.         -0.41712293 -0.12224312  0.38627315  0.51697916
 -0.8277102   1.0734879   0.33036923  0.69437176 -1.1404862   0.023015
 -0.61115307  0.9757731  -0.8105308  -0.        ]",[0.23459625 0.9237462  0.         0.         0.        ],0.0,False,,-1.0,-0.0,-0.41712293,-0.12224312,1.1407185,1.1513649,0.8105307817459106,3.1214154,2.1303494,3.141592502593994,0.64534825,1.3555369,0.7689577341079712,0.9291066,2.2276323,1.1267105340957642,,
13,adversary_1,"[-8.0248010e-01 -1.7002399e-20 -3.0849783e-02  3.9473605e-01
 -3.8627315e-01 -5.1697916e-01 -1.2139834e+00  5.5650866e-01
 -5.5903900e-02  1.7739256e-01 -1.5267594e+00 -4.9396420e-01
 -9.9742621e-01  4.5879391e-01 -8.1053078e-01 -0.0000000e+00]",[0.33156654 0.68474353 0.         0.         0.        ],0.0,False,,-0.8024801,-1.7002399e-20,-0.030849783,0.39473605,1.604679,1.0978848,0.8105307817459106,-2.8286839,2.7104723,3.141592502593994,0.64534825,1.3354616,0.18599292635917664,-2.212486,2.7117627,1.8760865926742554,,
13,adversary_2,"[-0.4181961   0.         -1.2448331   0.9512447   0.8277102  -1.0734879
  1.2139834  -0.55650866  1.1580795  -0.3791161  -0.31277606 -1.0504729
  0.21655715 -0.09771472 -0.8105308  -0.        ]",[0.95575258 0.29435572 0.         0.         0.        ],0.0,False,,-0.4181961,0.0,-1.2448331,0.9512447,1.0960484,0.23758191,0.8105307817459106,-1.8601857,-0.4238673,3.141592502593994,1.3555369,1.3354616,1.2185553312301636,-0.9139603,-0.42983007,-0.31637051701545715,,
13,adversary_3,"[-6.5746057e-01  1.7002399e-20 -8.6753689e-02  5.7212859e-01
 -3.3036923e-01 -6.9437176e-01  5.5903900e-02 -1.7739256e-01
 -1.1580795e+00  3.7911609e-01 -1.4708556e+00 -6.7135674e-01
 -9.4152236e-01  2.8140137e-01 -8.1053078e-01 -0.0000000e+00]",[0.7416075  0.56423252 0.         0.         0.        ],0.0,False,,-0.6574606,1.7002399e-20,-0.08675369,0.5721286,1.616829,0.9826755,0.8105307817459106,-2.7133965,2.8511646,3.141592502593994,0.76895773,0.18599293,1.2185553312301636,-2.014882,-1.265506,2.8252220153808594,,
13,adversary_4,"[-0.8738804   0.         -1.5576092  -0.09922812  1.1404862  -0.023015
  1.5267594   0.4939642   0.31277606  1.0504729   1.4708556   0.67135674
  0.52933323  0.9527581  -0.8105308  -0.        ]",[0.45683148 0.74624475 0.         0.         0.        ],0.0,False,,-0.8738804,0.0,-1.5576092,-0.09922812,1.616829,1.0899273,0.8105307817459106,0.4281962,1.0636792,3.141592502593994,1.1407185,1.604679,1.096048355102539,-0.02017725,0.3129087,1.2814069986343384,,
13,agent_0,"[-0.8105308  -0.         -1.028276    0.85353     0.61115307 -0.9757731
  0.9974262  -0.4587939  -0.21655715  0.09771472  0.94152236 -0.28140137
 -0.52933323 -0.9527581 ]",[0.         0.50738017 0.         0.         0.        ],-1.244405857883698,False,,-0.8105308,-0.0,-1.028276,0.85353,0.23758191,0.9826755,,2.7177253,-0.2904281,,1.1513649,1.0978848,,-1.0112433,-0.43112043,,-0.529333233833313,-0.9527580738067627
14,adversary_0,"[-1.         -0.         -0.5171229  -0.12224312  0.40602514  0.51697916
 -0.7695298   1.0734879   0.3646232   0.69437176 -1.1278744   0.023015
 -0.5922062   0.9757731  -0.81085014 -0.        ]",[0.24058375 0.92743796 0.         0.         0.        ],0.0,False,,-1.0,-0.0,-0.5171229,-0.12224312,1.1281091,1.1414207,0.8108501434326172,3.1211898,2.116281,3.141592502593994,0.65736127,1.3208151,0.7842844724655151,0.90503377,2.1927419,1.0872611999511719,,
14,adversary_1,"[-8.0728316e-01 -2.2407518e-18 -1.1109780e-01  3.9473605e-01
 -4.0602514e-01 -5.1697916e-01 -1.1755550e+00  5.5650866e-01
 -4.1401945e-02  1.7739256e-01 -1.5338994e+00 -4.9396420e-01
 -9.9823129e-01  4.5879391e-01 -8.1085014e-01 -0.0000000e+00]",[0.33152948 0.68470973 0.         0.         0.        ],0.0,False,,-0.80728316,-2.2407518e-18,-0.1110978,0.39473605,1.6114739,1.0986162,0.8108501434326172,-2.8300478,2.7107785,3.141592502593994,0.65736127,1.3006274,0.1821599304676056,-2.236559,2.69945,1.8000835180282593,,
14,adversary_2,"[-0.40195382  0.         -1.2866528   0.9512447   0.7695298  -1.0734879
  1.175555   -0.55650866  1.134153   -0.3791161  -0.3583445  -1.0504729
  0.17732367 -0.09771472 -0.81085014 -0.        ]",[0.93791312 0.25868674 0.         0.         0.        ],0.0,False,,-0.40195382,0.0,-1.2866528,0.9512447,1.1099117,0.20246445,0.8108501434326172,-1.8995446,-0.50365114,3.141592502593994,1.3208151,1.3006274,1.1958394050598145,-0.9488509,-0.44214272,-0.322595477104187,,
14,adversary_3,"[-6.6236514e-01  2.2407518e-18 -1.5249974e-01  5.7212859e-01
 -3.6462319e-01 -6.9437176e-01  4.1401945e-02 -1.7739256e-01
 -1.1341530e+00  3.7911609e-01 -1.4924976e+00 -6.7135674e-01
 -9.5682937e-01  2.8140137e-01 -8.1085014e-01 -0.0000000e+00]",[0.74137209 0.56511154 0.         0.         0.        ],0.0,False,,-0.66236514,2.2407518e-18,-0.15249974,0.5721286,1.6365417,0.9973511,0.8108501434326172,-2.7188876,2.8555596,3.141592502593994,0.7842845,0.18215993,1.1958394050598145,-2.0543313,-1.3415091,2.8189971446990967,,
14,adversary_4,"[-0.8792837   0.         -1.6449972  -0.09922812  1.1278744  -0.023015
  1.5338994   0.4939642   0.3583445   1.0504729   1.4924976   0.67135674
  0.53566813  0.9527581  -0.81085014 -0.        ]",[0.45739552 0.74634297 0.         0.         0.        ],0.0,False,,-0.8792837,0.0,-1.6449972,-0.09922812,1.6365417,1.0930179,0.8108501434326172,0.42270505,1.0586128,3.141592502593994,1.1281091,1.6114739,1.1099116802215576,-0.02040281,0.3115448,1.2420481443405151,,
14,agent_0,"[-0.81085014 -0.         -1.1093291   0.85353     0.5922062  -0.9757731
  0.9982313  -0.4587939  -0.17732367  0.09771472  0.95682937 -0.28140137
 -0.53566813 -0.9527581 ]",[0.        0.5030544 0.        0.        0.       ],-1.4634961900030088,False,,-0.81085014,-0.0,-1.1093291,0.85353,0.20246445,0.9973511,,2.6379416,-0.2860331,,1.1414207,1.0986162,,-1.0253116,-0.43081418,,-0.535668134689331,-0.9527580738067627
15,adversary_0,"[-1.0000000e+00 -0.0000000e+00 -6.1712295e-01 -1.2224312e-01
  4.2529681e-01  5.1697916e-01 -7.0972520e-01  1.0734879e+00
  3.9838669e-01  6.9437176e-01 -1.1158026e+00  2.3014996e-02
 -5.7329118e-01  9.7577310e-01 -8.0935937e-01 -1.0995840e-36]",[0.24671742 0.93110085 0.         0.         0.        ],0.0,False,,-1.0,-0.0,-0.61712295,-0.12224312,1.11604,1.1317226,0.8093593716621399,3.1209693,2.1019926,3.141592502593994,0.66943616,1.28689,0.8005398511886597,0.8823917,2.1549625,1.0499118566513062,,
15,adversary_1,"[-8.10875297e-01 -1.06780904e-16 -1.91826105e-01  3.94736052e-01
 -4.25296813e-01 -5.16979158e-01 -1.13502204e+00  5.56508660e-01
 -2.69101467e-02  1.77392557e-01 -1.54109955e+00 -4.93964195e-01
 -9.98588026e-01  4.58793908e-01 -8.09359372e-01 -1.09958397e-36]",[0.33151307 0.68469476 0.         0.         0.        ],0.0,False,,-0.8108753,-1.06780904e-16,-0.1918261,0.39473605,1.6183289,1.0989404,0.8093593716621399,-2.8314116,2.7109141,3.141592502593994,0.66943616,1.2641112,0.1794220507144928,-2.259201,2.68573,1.7213467359542847,,
15,adversary_2,"[-3.7907138e-01  1.0995840e-36 -1.3268481e+00  9.5124471e-01
  7.0972520e-01 -1.0734879e+00  1.1350220e+00 -5.5650866e-01
  1.1081119e+00 -3.7911609e-01 -4.0607747e-01 -1.0504729e+00
  1.3643403e-01 -9.7714722e-02 -8.0935937e-01 -1.0995840e-36]",[0.90649748 0.20886463 0.         0.         0.        ],0.0,False,,-0.37907138,1.099584e-36,-1.3268481,0.9512447,1.1262292,0.16781661,0.8093593716621399,-1.9396687,-0.62151897,3.141592502593994,1.28689,1.2641112,1.171170711517334,-0.98663,-0.45586276,-0.32964473962783813,,
15,adversary_3,"[-6.66307330e-01  1.06780904e-16 -2.18736261e-01  5.72128594e-01
 -3.98386687e-01 -6.94371760e-01  2.69101467e-02 -1.77392557e-01
 -1.10811186e+00  3.79116088e-01 -1.51418936e+00 -6.71356738e-01
 -9.71677840e-01  2.81401366e-01 -8.09359372e-01 -1.09958397e-36]",[0.74113432 0.56598665 0.         0.         0.        ],0.0,False,,-0.66630733,1.06780904e-16,-0.21873626,0.5721286,1.6563482,1.0116049,0.8093593716621399,-2.72426,2.859701,3.141592502593994,0.80053985,0.17942205,1.171170711517334,-2.0916808,-1.4202459,2.811947822570801,,
15,adversary_4,"[-8.8336569e-01  0.0000000e+00 -1.7329257e+00 -9.9228121e-02
  1.1158026e+00 -2.3014996e-02  1.5410995e+00  4.9396420e-01
  4.0607747e-01  1.0504729e+00  1.5141894e+00  6.7135674e-01
  5.4251152e-01  9.5275807e-01 -8.0935937e-01 -1.0995840e-36]",[0.45800559 0.7464477  0.         0.         0.        ],0.0,False,,-0.8833657,0.0,-1.7329257,-0.09922812,1.6563482,1.096388,0.8093593716621399,0.41733262,1.0531721,3.141592502593994,1.11604,1.6183289,1.126229166984558,-0.020623483,0.31018102,1.2019239664077759,,
15,agent_0,"[-8.0935937e-01 -1.0995840e-36 -1.1904141e+00  8.5352999e-01
  5.7329118e-01 -9.7577310e-01  9.9858803e-01 -4.5879391e-01
 -1.3643403e-01  9.7714722e-02  9.7167784e-01 -2.8140137e-01
 -5.4251152e-01 -9.5275807e-01]",[0.         0.49827382 0.         0.         0.        ],-1.7206465107994509,False,,-0.8093594,-1.099584e-36,-1.1904141,0.85353,0.16781661,1.0116049,,2.5200737,-0.28189167,,1.1317226,1.0989404,,-1.0396,-0.4306786,,-0.542511522769928,-0.9527580738067627
16,adversary_0,"[-1.0000000e+00 -0.0000000e+00 -7.1712291e-01 -1.2224312e-01
  4.4420931e-01  5.1697916e-01 -6.4763236e-01  1.0734879e+00
  4.3175593e-01  6.9437176e-01 -1.1041392e+00  2.3014996e-02
 -5.5422711e-01  9.7577310e-01 -8.0632907e-01 -1.4794737e-21]",[0.25305912 0.93476453 0.         0.         0.        ],10.0,False,,-1.0,-0.0,-0.7171229,-0.12224312,1.104379,1.1221857,0.806329071521759,3.1207514,2.0873446,3.141592502593994,0.6816079,1.253716,0.8176584243774414,0.8609622,2.1136367,1.0145061016082764,,
16,adversary_1,"[-8.1356490e-01 -1.7290972e-15 -2.7291363e-01  3.9473605e-01
 -4.4420931e-01 -5.1697916e-01 -1.0918417e+00  5.5650866e-01
 -1.2453351e-02  1.7739256e-01 -1.5483485e+00 -4.9396420e-01
 -9.9843639e-01  4.5879391e-01 -8.0632907e-01 -1.4794737e-21]",[0.33152004 0.68470112 0.         0.         0.        ],10.0,False,,-0.8135649,-1.7290972e-15,-0.27291363,0.39473605,1.6252335,1.0988026,0.806329071521759,-2.832773,2.7108564,3.141592502593994,0.6816079,1.2254877,0.17782914638519287,-2.2806304,2.6702175,1.6408835649490356,,
16,adversary_2,"[-3.4696293e-01  1.4794737e-21 -1.3647553e+00  9.5124471e-01
  6.4763236e-01 -1.0734879e+00  1.0918417e+00 -5.5650866e-01
  1.0793883e+00 -3.7911609e-01 -4.5650691e-01 -1.0504729e+00
  9.3405239e-02 -9.7714722e-02 -8.0632907e-01 -1.4794737e-21]",[0.84549347 0.13856637 0.         0.         0.        ],10.0,False,,-0.34696293,1.4794737e-21,-1.3647553,0.9512447,1.1453785,0.13517657,0.806329071521759,-1.9807471,-0.80794287,3.141592502593994,1.253716,1.2254877,1.1440314054489136,-1.0279559,-0.47137526,-0.3377722501754761,,
16,adversary_3,"[-6.6952652e-01  1.7290972e-15 -2.8536698e-01  5.7212859e-01
 -4.3175593e-01 -6.9437176e-01  1.2453351e-02 -1.7739256e-01
 -1.0793883e+00  3.7911609e-01 -1.5358952e+00 -6.7135674e-01
 -9.8598307e-01  2.8140137e-01 -8.0632907e-01 -1.4794737e-21]",[0.74089601 0.56685142 0.         0.         0.        ],10.0,False,,-0.6695265,1.7290972e-15,-0.28536698,0.5721286,1.6762142,1.0253532,0.806329071521759,-2.7295086,2.863582,3.141592502593994,0.8176584,0.17782915,1.1440314054489136,-2.1270866,-1.500709,2.8038203716278076,,
16,adversary_4,"[-8.8645858e-01  0.0000000e+00 -1.8212622e+00 -9.9228121e-02
  1.1041392e+00 -2.3014996e-02  1.5483485e+00  4.9396420e-01
  4.5650691e-01  1.0504729e+00  1.5358952e+00  6.7135674e-01
  5.4991215e-01  9.5275807e-01 -8.0632907e-01 -1.4794737e-21]",[0.4586662  0.74655936 0.         0.         0.        ],10.0,False,,-0.8864586,0.0,-1.8212622,-0.09922812,1.6762142,1.1000688,0.806329071521759,0.41208392,1.0473258,3.141592502593994,1.104379,1.6252335,1.1453784704208374,-0.020841274,0.3088196,1.1608455181121826,,
16,agent_0,"[-8.0632907e-01 -1.4794737e-21 -1.2713500e+00  8.5352999e-01
  5.5422711e-01 -9.7577310e-01  9.9843639e-01 -4.5879391e-01
 -9.3405239e-02  9.7714722e-02  9.8598307e-01 -2.8140137e-01
 -5.4991215e-01 -9.5275807e-01]",[0.         0.49304556 0.         0.         0.        ],-12.021754927935058,False,,-0.8063291,-1.4794737e-21,-1.27135,0.85353,0.13517657,1.0253532,,2.3336499,-0.27801073,,1.1221857,1.0988026,,-1.054248,-0.43073624,,-0.54991215467453,-0.9527580738067627
17,adversary_0,"[-1.0000000e+00 -0.0000000e+00 -8.1712294e-01 -1.2224312e-01
  4.6285281e-01  5.1697916e-01 -5.8232862e-01  1.0734879e+00
  4.6480331e-01  6.9437176e-01 -1.0927851e+00  2.3014996e-02
 -5.3486001e-01  9.7577310e-01 -8.0196476e-01 -2.7505521e-07]",[0.25966702 0.93845189 0.         0.         0.        ],10.0,False,,-1.0,-0.0,-0.81712294,-0.12224312,1.0930275,1.112748,0.8019647598266602,3.120535,2.0722103,-3.141592264175415,0.69390213,1.2212628,0.8355801701545715,0.84058255,2.0678353,0.9809129238128662,,
17,adversary_1,"[-8.1558400e-01 -9.4793939e-15 -3.5427013e-01  3.9473605e-01
 -4.6285281e-01 -5.1697916e-01 -1.0451814e+00  5.5650866e-01
  1.9504876e-03  1.7739256e-01 -1.5556380e+00 -4.9396420e-01
 -9.9771285e-01  4.5879391e-01 -8.0196476e-01 -2.7505521e-07]",[0.33155334 0.68473149 0.         0.         0.        ],10.0,False,,-0.815584,-9.479394e-15,-0.35427013,0.39473605,1.6321795,1.0981451,0.8019647598266602,-2.8341305,2.7105813,-3.141592264175415,0.69390213,1.1841056,0.1774032711982727,-2.3010101,2.6523218,1.5598013401031494,,
17,adversary_2,"[-3.0179235e-01  2.7505521e-07 -1.3994516e+00  9.5124471e-01
  5.8232862e-01 -1.0734879e+00  1.0451814e+00 -5.5650866e-01
  1.0471319e+00 -3.7911609e-01 -5.1045650e-01 -1.0504729e+00
  4.7468625e-02 -9.7714722e-02 -8.0196476e-01 -2.7505521e-07]",[0.7184789  0.05025899 0.         0.         0.        ],10.0,False,,-0.30179235,2.750552e-07,-1.3994516,0.9512447,1.1679294,0.10863442,0.8019647598266602,-2.023125,-1.1185826,-3.141592264175415,1.2212628,1.1841056,1.1136490106582642,-1.0737573,-0.48927072,-0.34737083315849304,,
17,adversary_3,"[-6.7220032e-01  9.4793939e-15 -3.5231963e-01  5.7212859e-01
 -4.6480331e-01 -6.9437176e-01 -1.9504876e-03 -1.7739256e-01
 -1.0471319e+00  3.7911609e-01 -1.5575885e+00 -6.7135674e-01
 -9.9966329e-01  2.8140137e-01 -8.0196476e-01 -2.7505521e-07]",[0.74065918 0.56769904 0.         0.         0.        ],10.0,False,,-0.6722003,9.479394e-15,-0.35231963,0.5721286,1.6961137,1.038515,0.8019647598266602,-2.7346313,2.8671973,-3.141592264175415,0.83558017,0.17740327,1.1136490106582642,-2.1606798,-1.5817913,2.794221878051758,,
17,adversary_4,"[-8.8881171e-01  0.0000000e+00 -1.9099081e+00 -9.9228121e-02
  1.0927851e+00 -2.3014996e-02  1.5556380e+00  4.9396420e-01
  5.1045650e-01  1.0504729e+00  1.5575885e+00  6.7135674e-01
  5.5792511e-01  9.5275807e-01 -8.0196476e-01 -2.7505521e-07]",[0.45938247 0.74667837 0.         0.         0.        ],10.0,False,,-0.8888117,0.0,-1.909908,-0.09922812,1.6961137,1.1040962,0.8019647598266602,0.40696126,1.0410402,-3.141592264175415,1.0930275,1.6321795,1.1679294109344482,-0.021057751,0.30746222,1.1184676885604858,,
17,agent_0,"[-8.0196476e-01 -2.7505521e-07 -1.3519830e+00  8.5352999e-01
  5.3486001e-01 -9.7577310e-01  9.9771285e-01 -4.5879391e-01
 -4.7468625e-02  9.7714722e-02  9.9966329e-01 -2.8140137e-01
 -5.5792511e-01 -9.5275807e-01]",[0.         0.48740148 0.         0.         0.        ],-12.373483866004856,False,,-0.80196476,-2.750552e-07,-1.351983,0.85353,0.10863442,1.038515,,2.02301,-0.2743955,,1.112748,1.0981451,,-1.0693824,-0.43101135,,-0.5579251050949097,-0.9527580738067627
18,adversary_0,"[-1.         -0.         -0.91712296 -0.12224312  0.4812944   0.51697916
 -0.51250786  1.0734879   0.49758327  0.69437176 -1.0816664   0.023015
 -0.5150565   0.9757731  -0.72492355 -0.14720564]",[0.26659761 0.94218019 0.         0.         0.        ],0.0,False,,-1.0,-0.0,-0.91712296,-0.12224312,1.0819112,1.1033659,0.7397186160087585,3.1203184,2.0564706,-2.9412529468536377,0.70633686,1.1895547,0.8542489409446716,0.82112944,2.0162199,0.9490194320678711,,
18,adversary_1,"[-8.1710744e-01 -1.9666448e-14 -4.3582854e-01  3.9473605e-01
 -4.8129439e-01 -5.1697916e-01 -9.9380231e-01  5.5650866e-01
  1.6288858e-02  1.7739256e-01 -1.5629607e+00 -4.9396420e-01
 -9.9635088e-01  4.5879388e-01 -7.2492355e-01 -1.4720564e-01]",[0.33161607 0.68478867 0.         0.         0.        ],0.0,False,,-0.81710744,-1.9666448e-14,-0.43582854,0.39473605,1.6391604,1.0969079,0.7397186160087585,-2.8354824,2.7100625,-2.9412529468536377,0.70633686,1.1390105,0.1781388372182846,-2.3204632,2.6311202,1.4792293310165405,,
18,adversary_2,"[-0.31293258  0.14720564 -1.4296309   0.9512447   0.51250786 -1.0734879
  0.9938023  -0.55650866  1.0100912  -0.37911612 -0.56915843 -1.0504729
 -0.00254861 -0.09771478 -0.72492355 -0.14720564]","[4.86963536e-01 1.69992447e-04 0.00000000e+00 0.00000000e+00
 0.00000000e+00]",0.0,False,,-0.31293258,0.14720564,-1.4296309,0.9512447,1.1947529,0.09774801,0.7397186160087585,-2.067331,-1.5968722,-2.9412529468536377,1.1895547,1.1390105,1.0788943767547607,-1.1253729,-0.51047254,-0.3590587377548218,,
18,adversary_3,"[-6.7445993e-01  1.9666448e-14 -4.1953966e-01  5.7212859e-01
 -4.9758327e-01 -6.9437176e-01 -1.6288858e-02 -1.7739256e-01
 -1.0100912e+00  3.7911612e-01 -1.5792495e+00 -6.7135674e-01
 -1.0126398e+00  2.8140134e-01 -7.2492355e-01 -1.4720564e-01]",[0.74042606 0.56852232 0.         0.         0.        ],0.0,False,,-0.67445993,1.9666448e-14,-0.41953966,0.5721286,1.716027,1.0510119,0.7397186160087585,-2.7396278,2.8705428,-2.9412529468536377,0.85424894,0.17813884,1.0788943767547607,-2.1925733,-1.6623633,2.782533884048462,,
18,adversary_4,"[-0.8906123   0.         -1.9987892  -0.09922812  1.0816664  -0.023015
  1.5629607   0.4939642   0.56915843  1.0504729   1.5792495   0.67135674
  0.5666098   0.9527581  -0.72492355 -0.14720564]",[0.46015994 0.74680513 0.         0.         0.        ],0.0,False,,-0.8906123,0.0,-1.9987892,-0.09922812,1.716027,1.10851,0.7397186160087585,0.40196487,1.0342795,-2.9412529468536377,1.0819112,1.6391604,1.1947529315948486,-0.021274146,0.3061102,1.0742614269256592,,
18,agent_0,"[-0.72492355 -0.14720564 -1.4321795   0.85352993  0.5150565  -0.9757731
  0.9963509  -0.45879388  0.00254861  0.09771478  1.0126398  -0.28140134
 -0.5666098  -0.9527581 ]",[0.         0.48139735 0.         0.         0.        ],-2.743799313052952,False,,-0.72492355,-0.14720564,-1.4321795,0.85352993,0.09774801,1.0510119,,1.5447204,-0.27105,,1.1033659,1.0969079,,-1.085122,-0.43153006,,-0.566609799861908,-0.9527580738067627
19,adversary_0,"[-1.         -0.         -1.017123   -0.12224312  0.49958366  0.51697916
 -0.44380113  1.0882084   0.53013724  0.69437176 -1.0707275   0.023015
 -0.48754886  0.9610525  -0.74335706 -0.38283145]",[0.27379042 0.94590271 0.         0.         0.        ],0.0,False,,-1.0,-0.0,-1.017123,-0.12224312,1.0709748,1.0776483,0.8361456990242004,3.1201012,2.0402725,-2.6660144329071045,0.7189237,1.1752263,0.8736118674278259,0.8025086,1.9580321,0.9187252521514893,,
19,adversary_1,"[-8.1826717e-01 -2.0742722e-14 -5.1753926e-01  3.9473605e-01
 -4.9958366e-01 -5.1697916e-01 -9.4338483e-01  5.7122922e-01
  3.0553609e-02  1.7739256e-01 -1.5703112e+00 -4.9396420e-01
 -9.8713249e-01  4.4407332e-01 -7.4335706e-01 -3.8283145e-01]",[0.33142171 0.68461138 0.         0.         0.        ],0.0,False,,-0.81826717,-2.0742722e-14,-0.51753926,0.39473605,1.6461707,1.0824194,0.8361456990242004,-2.836828,2.7188535,-2.6660144329071045,0.7189237,1.1028498,0.1800045669078827,-2.3390841,2.5971313,1.4002325534820557,,
19,adversary_2,"[-0.22764495  0.38283145 -1.460924    0.9659653   0.44380113 -1.0882084
  0.9433848  -0.5712292   0.9739384  -0.39383668 -0.62692636 -1.0651934
 -0.04374771 -0.12715591 -0.74335706 -0.38283145]",[0.33733396 0.02720007 0.         0.         0.        ],0.0,False,,-0.22764495,0.38283145,-1.460924,0.9659653,1.235991,0.13447115,0.8361456990242004,-2.102759,-1.9021584,-2.6660144329071045,1.1752263,1.1028498,1.050553798675537,-1.1835605,-0.5444613,-0.3842725157737732,,
19,adversary_3,"[-6.7640167e-01  2.0742722e-14 -4.8698565e-01  5.7212859e-01
 -5.3013724e-01 -6.9437176e-01 -3.0553609e-02 -1.7739256e-01
 -9.7393841e-01  3.9383668e-01 -1.6008648e+00 -6.7135674e-01
 -1.0176861e+00  2.6668078e-01 -7.4335706e-01 -3.8283145e-01]",[0.74126704 0.56549972 0.         0.         0.        ],0.0,False,,-0.6764017,2.0742722e-14,-0.48698565,0.5721286,1.73594,1.0520474,0.8361456990242004,-2.7444992,2.885309,-2.6660144329071045,0.87361187,0.18000457,1.050553798675537,-2.2228673,-1.7413601,2.7573201656341553,,
19,adversary_4,"[-0.8920008   0.         -2.0878506  -0.09922812  1.0707275  -0.023015
  1.5703112   0.4939642   0.62692636  1.0651934   1.6008648   0.67135674
  0.5831787   0.9380375  -0.74335706 -0.38283145]",[0.4614401  0.74700837 0.         0.         0.        ],0.0,False,,-0.8920008,0.0,-2.0878506,-0.09922812,1.73594,1.1045414,0.8361456990242004,0.39709345,1.014573,-2.6660144329071045,1.0709748,1.6461707,1.2359910011291504,-0.021491423,0.3047646,1.038833737373352,,
19,agent_0,"[-0.74335706 -0.38283145 -1.5046718   0.8388094   0.48754886 -0.9610525
  0.9871325  -0.44407332  0.04374771  0.12715591  1.0176861  -0.26668078
 -0.5831787  -0.9380375 ]",[0.         0.47367374 0.         0.         0.        ],-3.1836075033370137,False,,-0.74335706,-0.38283145,-1.5046718,0.8388094,0.13447115,1.0520474,,1.2394342,-0.25628373,,1.0776483,1.0824194,,-1.10132,-0.4227391,,-0.583178699016571,-0.9380375146865845
20,adversary_0,"[-1.         -0.         -1.1171229  -0.12224312  0.51775694  0.51697916
 -0.36656564  1.1264915   0.5624971   0.69437176 -1.0599276   0.023015
 -0.46188456  0.92276937 -0.7469876  -0.28712434]",[0.27619943 0.94711664 0.         0.         0.        ],0.0,False,,-1.0,-0.0,-1.1171229,-0.12224312,1.0601774,1.0319111,0.8002691864967346,3.1198823,2.034877,-2.774627208709717,0.7316691,1.1846323,0.8936191201210022,0.7846465,1.8853942,0.8899388313293457,,
20,adversary_1,"[-8.1908381e-01 -1.6475031e-14 -5.9936601e-01  3.9473605e-01
 -5.1775694e-01 -5.1697916e-01 -8.8432258e-01  6.0951239e-01
  4.4740163e-02  1.7739256e-01 -1.5776845e+00 -4.9396420e-01
 -9.7964150e-01  4.0579018e-01 -7.4698758e-01 -2.8712434e-01]",[0.33014064 0.68343336 0.         0.         0.        ],0.0,False,,-0.8190838,-1.6475031e-14,-0.599366,0.39473605,1.6532058,1.06036,0.8002691864967346,-2.8381665,2.7488854,-2.7746269702911377,0.7316691,1.074026,0.1829475313425064,-2.356946,2.5381234,1.323738932609558,,
20,adversary_2,"[-0.17889348  0.28712434 -1.4836886   1.0042485   0.36656564 -1.1264915
  0.8843226  -0.6095124   0.9290627  -0.43211982 -0.69336194 -1.1034765
 -0.09531892 -0.20372221 -0.7469876  -0.28712434]",[0.28810371 0.04712036 0.         0.         0.        ],0.0,False,,-0.17889348,0.28712434,-1.4836886,1.0042485,1.3032311,0.22491872,0.8002691864967346,-2.1317961,-2.0084248,-2.774627208709717,1.1846323,1.074026,1.0246390104293823,-1.2561984,-0.6034694,-0.4353511929512024,,
20,adversary_3,"[-6.7695117e-01  1.6475031e-14 -5.5462581e-01  5.7212859e-01
 -5.6249708e-01 -6.9437176e-01 -4.4740163e-02 -1.7739256e-01
 -9.2906272e-01  4.3211982e-01 -1.6224247e+00 -6.7135674e-01
 -1.0243816e+00  2.2839762e-01 -7.4698758e-01 -2.8712434e-01]",[0.74341864 0.55698566 0.         0.         0.        ],0.0,False,,-0.67695117,1.6475031e-14,-0.5546258,0.5721286,1.7558422,1.0495348,0.8002691864967346,-2.749248,2.9222193,-2.7746269702911377,0.8936191,0.18294753,1.0246390104293823,-2.251654,-1.8178537,2.7062416076660156,,
20,adversary_4,"[-0.89310306  0.         -2.1770506  -0.09922812  1.0599276  -0.023015
  1.5776845   0.4939642   0.69336194  1.1034765   1.6224247   0.67135674
  0.598043    0.89975435 -0.7469876  -0.28712434]",[0.46225507 0.74713421 0.         0.         0.        ],0.0,False,,-0.89310306,0.0,-2.1770506,-0.09922812,1.7558422,1.0803765,0.8002691864967346,0.39234465,0.9841748,-2.774627208709717,1.0601774,1.6532058,1.303231120109558,-0.021710336,0.3034263,1.0097965002059937,,
20,agent_0,"[-0.7469876  -0.28712434 -1.5790075   0.80052626  0.46188456 -0.92276937
  0.9796415  -0.40579018  0.09531892  0.20372221  1.0243816  -0.22839762
 -0.598043   -0.89975435]",[0.         0.46336476 0.         0.         0.        ],-3.696596389610618,False,,-0.7469876,-0.28712434,-1.5790075,0.80052626,0.22491872,1.0495348,,1.1331679,-0.21937327,,1.0319111,1.06036,,-1.1067154,-0.39270726,,-0.5980430245399475,-0.8997543454170227
21,adversary_0,"[-1.         -0.         -1.2171229  -0.12224312  0.53584856  0.51697916
 -0.28445497  1.1552039   0.59480196  0.69437176 -1.049238    0.023015
 -0.4365833   0.8940569  -0.7455866  -0.21534325]",[0.28060232 0.94929352 0.         0.         0.        ],0.0,False,,-1.0,-0.0,-1.2171229,-0.12224312,1.0494903,0.99495864,0.7760618925094604,3.119661,2.025054,-2.8604204654693604,0.74458116,1.1897104,0.914298415184021,0.7674775,1.8122311,0.8624805212020874,,
21,adversary_1,"[-8.1934285e-01 -1.2403882e-14 -6.8127435e-01  3.9473605e-01
 -5.3584856e-01 -5.1697916e-01 -8.2030356e-01  6.3822484e-01
  5.8953427e-02  1.7739256e-01 -1.5850865e+00 -4.9396420e-01
 -9.7243190e-01  3.7707776e-01 -7.4558657e-01 -2.1534325e-01]",[0.32923953 0.6825948  0.         0.         0.        ],0.0,False,,-0.81934285,-1.2403882e-14,-0.68127435,0.39473605,1.660271,1.042982,0.7760618925094604,-2.8394985,2.7716756,-2.8604204654693604,0.74458116,1.0393406,0.18693214654922485,-2.3741152,2.480389,1.2499463558197021,,
21,adversary_2,"[-0.14830622  0.21534325 -1.501578    1.0329609   0.28445497 -1.1552039
  0.82030356 -0.63822484  0.87925696 -0.46083227 -0.7647829  -1.132189
 -0.15212834 -0.26114708 -0.7455866  -0.21534325]",[0.24832073 0.06796119 0.         0.         0.        ],0.0,False,,-0.14830622,0.21534325,-1.501578,1.0329609,1.3662888,0.30222645,0.7760618925094604,-2.164883,-2.0982778,-2.8604204654693604,1.1897104,1.0393406,0.9927029609680176,-1.3293617,-0.6612034,-0.4827533960342407,,
21,adversary_3,"[-6.7480904e-01  1.2403882e-14 -6.2232095e-01  5.7212859e-01
 -5.9480196e-01 -6.9437176e-01 -5.8953427e-02 -1.7739256e-01
 -8.7925696e-01  4.6083227e-01 -1.6440399e+00 -6.7135674e-01
 -1.0313853e+00  1.9968520e-01 -7.4558657e-01 -2.1534325e-01]",[0.74485105 0.55047738 0.         0.         0.        ],0.0,False,,-0.67480904,1.2403882e-14,-0.62232095,0.5721286,1.7758341,1.0505378,0.7760618925094604,-2.753902,2.95035,-2.8604204654693604,0.9142984,0.18693215,0.9927029609680176,-2.279112,-1.8916464,2.658839225769043,,
21,adversary_4,"[-0.89396757  0.         -2.2663608  -0.09922812  1.049238   -0.023015
  1.5850865   0.4939642   0.7647829   1.132189    1.6440399   0.67135674
  0.61265457  0.87104195 -0.7455866  -0.21534325]",[0.46320463 0.74727738 0.         0.         0.        ],0.0,False,,-0.89396757,0.0,-2.2663608,-0.09922812,1.7758341,1.0649223,0.7760618925094604,0.38769066,0.95782006,-2.8604204654693604,1.0494903,1.660271,1.3662887811660767,-0.021931449,0.3020942,0.97670978307724,,
21,agent_0,"[-0.7455866  -0.21534325 -1.6537062   0.7718138   0.4365833  -0.8940569
  0.9724319  -0.37707776  0.15212834  0.26114708  1.0313853  -0.1996852
 -0.61265457 -0.87104195]",[0.         0.45621556 0.         0.         0.        ],-4.291042957324052,False,,-0.7455866,-0.21534325,-1.6537062,0.7718138,0.30222645,1.0505378,,1.0433148,-0.19124264,,0.99495864,1.042982,,-1.1165386,-0.3699171,,-0.6126545667648315,-0.8710419535636902
22,adversary_0,"[-1.         -0.         -1.3171229  -0.12224312  0.55391425  0.51697916
 -0.19928561  1.1767383   0.62732106  0.69437176 -1.0386347   0.023015
 -0.41114196  0.8725226  -0.74167615 -0.16150744]",[0.286871   0.95230082 0.         0.         0.        ],0.0,False,,-1.0,-0.0,-1.3171229,-0.12224312,1.0388896,0.9645379,0.7590574026107788,3.1194375,2.0111485,-2.9271798133850098,0.75768626,1.193494,0.9357798099517822,0.75092185,1.7385588,0.8360856175422668,,
22,adversary_1,"[-8.1928557e-01 -9.3037777e-15 -7.6320869e-01  3.9473605e-01
 -5.5391425e-01 -5.1697916e-01 -7.5319988e-01  6.5975916e-01
  7.3406808e-02  1.7739256e-01 -1.5925490e+00 -4.9396420e-01
 -9.6505624e-01  3.5554343e-01 -7.4167615e-01 -1.6150744e-01]",[0.32864673 0.68203861 0.         0.         0.        ],0.0,False,,-0.8192856,-9.303778e-15,-0.7632087,0.39473605,1.667397,1.0284672,0.7590574026107788,-2.84083,2.7886055,-2.9271798133850098,0.75768626,1.0012952,0.19198092818260193,-2.3906708,2.4222295,1.1784417629241943,,
22,adversary_2,"[-0.13161802  0.16150744 -1.5164086   1.0544952   0.19928561 -1.1767383
  0.7531999  -0.65975916  0.8266067  -0.4823666  -0.8393491  -1.1537234
 -0.21185637 -0.30421573 -0.74167615 -0.16150744]",[0.21426049 0.08969167 0.         0.         0.        ],0.0,False,,-0.13161802,0.16150744,-1.5164086,1.0544952,1.4267391,0.37071598,0.7590574026107788,-2.19975,-2.1791034,-2.9271798133850098,1.193494,1.0012952,0.9570559859275818,-1.4030339,-0.7193631,-0.5282362699508667,,
22,adversary_3,"[-6.7124999e-01  9.3037777e-15 -6.8980187e-01  5.7212859e-01
 -6.2732106e-01 -6.9437176e-01 -7.3406808e-02 -1.7739256e-01
 -8.2660669e-01  4.8236659e-01 -1.6659558e+00 -6.7135674e-01
 -1.0384631e+00  1.7815088e-01 -7.4167615e-01 -1.6150744e-01]",[0.74581645 0.54554419 0.         0.         0.        ],0.0,False,,-0.67125,9.303778e-15,-0.6898019,0.5721286,1.7961427,1.0536333,0.7590574026107788,-2.758515,2.971694,-2.9271798133850098,0.9357798,0.19198093,0.9570559859275818,-2.305507,-1.963151,2.613356351852417,,
22,adversary_4,"[-0.8946589   0.         -2.3557577  -0.09922812  1.0386347  -0.023015
  1.592549    0.4939642   0.8393491   1.1537234   1.6659558   0.67135674
  0.62749267  0.84950763 -0.74167615 -0.16150744]",[0.46429592 0.7474373  0.         0.         0.        ],0.0,False,,-0.8946589,0.0,-2.3557577,-0.09922812,1.7961427,1.0561299,0.7590574026107788,0.3830778,0.93459594,-2.9271798133850098,1.0388896,1.667397,1.4267390966415405,-0.022155272,0.30076262,0.9418427348136902,,
22,agent_0,"[-0.74167615 -0.16150744 -1.7282649   0.7502795   0.41114196 -0.8725226
  0.96505624 -0.35554343  0.21185637  0.30421573  1.0384631  -0.17815088
 -0.62749267 -0.84950763]",[0.         0.45231353 0.         0.         0.        ],-4.977187875926126,False,,-0.74167615,-0.16150744,-1.7282649,0.7502795,0.37071598,1.0536333,,0.96248937,-0.16989861,,0.9645379,1.0284672,,-1.1304443,-0.3529871,,-0.6274926662445068,-0.8495076298713684
23,adversary_0,"[-1.         -0.         -1.417123   -0.12224312  0.5719857   0.51697916
 -0.11244741  1.1928891   0.66019607  0.69437176 -1.0281006   0.023015
 -0.38530958  0.8563719  -0.7371825  -0.12113058]",[0.29484324 0.95597225 0.         0.         0.        ],0.0,False,,-1.0,-0.0,-1.417123,-0.12224312,1.0283582,0.9390614,0.7470680475234985,3.1192105,1.9935942,-2.9787323474884033,0.77099615,1.1981772,0.9581288695335388,0.73492837,1.6647834,0.8106227517127991,,
23,adversary_1,"[-8.1907576e-01 -6.9778388e-15 -8.4513724e-01  3.9473605e-01
 -5.7198572e-01 -5.1697916e-01 -6.8443310e-01  6.7590988e-01
  8.8210367e-02  1.7739256e-01 -1.6000863e+00 -4.9396420e-01
 -9.5729530e-01  3.3939269e-01 -7.3718250e-01 -1.2113058e-01]",[0.32830091 0.68171247 0.         0.         0.        ],0.0,False,,-0.81907576,-6.9778388e-15,-0.84513724,0.39473605,1.6745975,1.0156779,0.7470680475234985,-2.8421633,2.8008854,-2.9787323474884033,0.77099615,0.96192664,0.1981140822172165,-2.4066644,2.36246,1.1093425750732422,,
23,adversary_2,"[-0.12562102  0.12113058 -1.5295703   1.0706459   0.11244741 -1.1928891
  0.6844331  -0.6759099   0.7726435  -0.49851733 -0.91565317 -1.1698741
 -0.2728622  -0.3365172  -0.7371825  -0.12113058]",[0.18509182 0.11162797 0.         0.         0.        ],0.0,False,,-0.12562102,0.12113058,-1.5295703,1.0706459,1.4856063,0.43324083,0.7470680475234985,-2.2348952,-2.252113,-2.9787323474884033,1.1981772,0.96192664,0.9195094108581543,-1.4768093,-0.7791327,-0.5730005502700806,,
23,adversary_3,"[-6.6710079e-01  6.9778388e-15 -7.5692683e-01  5.7212859e-01
 -6.6019607e-01 -6.9437176e-01 -8.8210367e-02 -1.7739256e-01
 -7.7264351e-01  4.9851733e-01 -1.6882967e+00 -6.7135674e-01
 -1.0455056e+00  1.6200013e-01 -7.3718250e-01 -1.2113058e-01]",[0.74647521 0.54183264 0.         0.         0.        ],0.0,False,,-0.6671008,6.9778388e-15,-0.75692683,0.5721286,1.8168834,1.0579821,0.7470680475234985,-2.7631109,2.9878662,-2.9787323474884033,0.95812887,0.19811408,0.9195094108581543,-2.3309698,-2.0322502,2.568592071533203,,
23,adversary_4,"[-0.89522535  0.         -2.4452236  -0.09922812  1.0281006  -0.023015
  1.6000863   0.4939642   0.91565317  1.1698741   1.6882967   0.67135674
  0.642791    0.83335686 -0.7371825  -0.12113058]",[0.46552246 0.74761119 0.         0.         0.        ],0.0,False,,-0.89522535,0.0,-2.4452236,-0.09922812,1.8168834,1.0524561,0.7470680475234985,0.37848172,0.91378474,-2.9787323474884033,1.0283582,1.6745975,1.48560631275177,-0.022382203,0.2994292,0.9066973328590393,,
23,agent_0,"[-0.7371825  -0.12113058 -1.8024325   0.7341287   0.38530958 -0.8563719
  0.9572953  -0.3393927   0.2728622   0.3365172   1.0455056  -0.16200013
 -0.642791   -0.83335686]",[0.        0.4520031 0.        0.        0.       ],-5.767862454167933,False,,-0.7371825,-0.12113058,-1.8024325,0.7341287,0.43324083,1.0579821,,0.88947946,-0.15372656,,0.9390614,1.0156779,,-1.1479985,-0.34070733,,-0.6427909731864929,-0.8333568572998047
24,adversary_0,"[-1.         -0.         -1.517123   -0.12224312  0.5900781   0.51697916
 -0.02500951  1.2050021   0.69348603  0.69437176 -1.0176231   0.023015
 -0.35902783  0.8442588  -0.7336881  -0.09084793]",[0.30432919 0.96012273 0.         0.         0.        ],,,,-1.0,-0.0,-1.517123,-0.12224312,1.0178833,0.9174279,0.739291250705719,3.1189802,1.9728855,-3.0183961391448975,0.78451234,1.2052616,0.9813638925552368,0.7194639,1.5915481,0.7860363721847534,,
24,adversary_1,"[-8.1882060e-01 -5.2333791e-15 -9.2704481e-01  3.9473605e-01
 -5.9007812e-01 -5.1697916e-01 -6.1508763e-01  6.8802297e-01
  1.0340787e-01  1.7739256e-01 -1.6077012e+00 -4.9396420e-01
 -9.4910598e-01  3.2727963e-01 -7.3368812e-01 -9.0847932e-02]",[0.32814929 0.68156909 0.         0.         0.        ],,,,-0.8188206,-5.233379e-15,-0.9270448,0.39473605,1.6818751,1.0039493,0.739291250705719,-2.843499,2.8095317,-3.0183961391448975,0.78451234,0.9228805,0.2053321897983551,-2.422129,2.3002825,1.0430210828781128,,
24,adversary_2,"[-0.12770416  0.09084793 -1.5421325   1.082759    0.02500951 -1.2050021
  0.6150876  -0.688023    0.7184955  -0.51063037 -0.9926136  -1.1819872
 -0.33401832 -0.3607433  -0.7336881  -0.09084793]",[0.16029781 0.13311797 0.         0.         0.        ],,,,-0.12770416,0.09084793,-1.5421325,1.082759,1.5434946,0.491634,0.739291250705719,-2.2693293,-2.317747,-3.0183961391448975,1.2052616,0.9228805,0.8814641833305359,-1.5500445,-0.84131,-0.617867112159729,,
24,adversary_3,"[-6.6287535e-01  5.2333791e-15 -8.2363695e-01  5.7212859e-01
 -6.9348603e-01 -6.9437176e-01 -1.0340787e-01 -1.7739256e-01
 -7.1849549e-01  5.1063037e-01 -1.7111090e+00 -6.7135674e-01
 -1.0525138e+00  1.4988707e-01 -7.3368812e-01 -9.0847932e-02]",[0.74692933 0.53906286 0.         0.         0.        ],,,,-0.66287535,5.233379e-15,-0.82363695,0.5721286,1.8381007,1.0631329,0.739291250705719,-2.7676969,3.0001352,-3.0183961391448975,0.9813639,0.20533219,0.8814641833305359,-2.3555562,-2.0985715,2.5237255096435547,,
24,adversary_4,"[-0.89570236  0.         -2.534746   -0.09922812  1.0176231  -0.023015
  1.6077012   0.4939642   0.9926136   1.1819872   1.711109    0.67135674
  0.65859526  0.8212438  -0.7336881  -0.09084793]",[0.46686701 0.74779468 0.         0.         0.        ],,,,-0.89570236,0.0,-2.534746,-0.09922812,1.8381007,1.0527056,0.739291250705719,0.37389576,0.8948684,-3.0183961391448975,1.0178833,1.6818751,1.5434945821762085,-0.022612574,0.29809368,0.8722633719444275,,
24,agent_0,"[-0.7336881  -0.09084793 -1.8761507   0.7220157   0.35902783 -0.8442588
  0.949106   -0.32727963  0.33401832  0.3607433   1.0525138  -0.14988707
 -0.65859526 -0.8212438 ]",[0.         0.45622955 0.         0.         0.        ],,,,-0.7336881,-0.09084793,-1.8761507,0.7220157,0.491634,1.0631329,,0.8238456,-0.14145751,,0.9174279,1.0039493,,-1.1687071,-0.33206105,,-0.6585952639579773,-0.8212438225746155
